id,name,localized_name,primary_attr,attack_type,roles,img,icon,base_health,base_health_regen,base_mana,base_mana_regen,base_armor,base_mr,base_attack_min,base_attack_max,base_str,base_agi,base_int,str_gain,agi_gain,int_gain,attack_range,projectile_speed,attack_rate,move_speed,turn_rate,cm_enabled,legs,hero_id,turbo_picks,turbo_wins,pro_win,pro_pick,pro_ban,1_pick,1_win,2_pick,2_win,3_pick,3_win,4_pick,4_win,5_pick,5_win,6_pick,6_win,7_pick,7_win,8_pick,8_win,null_pick,null_win
1,npc_dota_hero_antimage,Anti-Mage,agi,Melee,"['Carry', 'Escape', 'Nuker']",/apps/dota2/images/heroes/antimage_full.png?,/apps/dota2/images/heroes/antimage_icon.png,200,0.25,75,0,-1,25,29,33,23,24,12,1.3,2.8,1.8,150,0,1.4,310,0.5,True,2,1,387040,198556,21,46,150,21612,10849,46168,23340,63187,31536,61301,30646,38115,19037,16782,8209,6853,3315,1733,817,2400489,0
2,npc_dota_hero_axe,Axe,str,Melee,"['Initiator', 'Durable', 'Disabler', 'Jungler']",/apps/dota2/images/heroes/axe_full.png?,/apps/dota2/images/heroes/axe_icon.png,200,2.75,75,0,-1,25,27,31,25,20,18,3.4,2.2,1.6,150,900,1.7,310,0.6,True,2,2,340390,173087,7,23,20,20648,10532,41306,20974,52667,26543,46730,23337,28283,14164,11704,5788,4299,2097,889,443,1950624,0
3,npc_dota_hero_bane,Bane,int,Ranged,"['Support', 'Disabler', 'Nuker', 'Durable']",/apps/dota2/images/heroes/bane_full.png?,/apps/dota2/images/heroes/bane_icon.png,200,,75,0,1,25,35,41,22,22,22,2.6,2.6,2.6,400,900,1.7,305,0.6,True,4,3,70058,31479,13,18,3,3076,1396,6498,3161,9424,4551,9821,4885,6661,3442,3372,1728,1819,959,732,382,483242,0
4,npc_dota_hero_bloodseeker,Bloodseeker,agi,Melee,"['Carry', 'Disabler', 'Jungler', 'Nuker', 'Initiator']",/apps/dota2/images/heroes/bloodseeker_full.png?,/apps/dota2/images/heroes/bloodseeker_icon.png,200,,75,0,2,25,35,41,24,22,17,2.7,3.4,2,150,900,1.7,300,0.5,True,2,4,247557,124067,47,99,118,13467,6993,19312,10004,21030,10901,17548,8942,11071,5727,5240,2650,2247,1118,792,393,863354,0
5,npc_dota_hero_crystal_maiden,Crystal Maiden,int,Ranged,"['Support', 'Disabler', 'Nuker', 'Jungler']",/apps/dota2/images/heroes/crystal_maiden_full.png?,/apps/dota2/images/heroes/crystal_maiden_icon.png,200,,75,1,-1,25,28,34,18,16,16,2.2,1.6,3.3,600,900,1.7,280,0.5,True,2,5,361574,180887,48,118,25,23402,12511,46583,24170,62725,32020,59827,30356,37550,18949,16994,8554,7667,3773,2539,1231,2308547,0
6,npc_dota_hero_drow_ranger,Drow Ranger,agi,Ranged,"['Carry', 'Disabler', 'Pusher']",/apps/dota2/images/heroes/drow_ranger_full.png?,/apps/dota2/images/heroes/drow_ranger_icon.png,200,0.25,75,0,0,25,29,36,18,20,15,1.9,2.9,1.4,625,1250,1.7,290,0.7,True,2,6,467032,230557,14,26,32,20944,10166,30723,14719,33043,15633,27047,12800,15553,7333,6290,3051,1967,919,359,165,1906216,0
7,npc_dota_hero_earthshaker,Earthshaker,str,Melee,"['Support', 'Initiator', 'Disabler', 'Nuker']",/apps/dota2/images/heroes/earthshaker_full.png?,/apps/dota2/images/heroes/earthshaker_icon.png,200,1,75,0,2,25,27,37,22,12,16,3.7,1.4,1.8,150,0,1.7,310,0.9,True,2,7,425772,209711,51,91,56,15532,7584,35968,17623,54715,26587,58246,28903,39300,19242,18140,8900,7701,3875,2391,1174,1970988,0
8,npc_dota_hero_juggernaut,Juggernaut,agi,Melee,"['Carry', 'Pusher', 'Escape']",/apps/dota2/images/heroes/juggernaut_full.png?,/apps/dota2/images/heroes/juggernaut_icon.png,200,0.5,75,0,0,25,16,20,20,34,14,2.2,2.8,1.4,150,0,1.4,305,0.6,True,2,8,892408,471945,86,172,317,26874,14306,55582,29654,76017,41343,74200,40168,49113,26276,22510,11947,9777,4955,2569,1282,3253749,0
9,npc_dota_hero_mirana,Mirana,agi,Ranged,"['Carry', 'Support', 'Escape', 'Nuker', 'Disabler']",/apps/dota2/images/heroes/mirana_full.png?,/apps/dota2/images/heroes/mirana_icon.png,200,,75,0.4,-1,25,27,32,18,18,22,2.2,3.7,1.9,630,900,1.7,290,0.5,True,2,9,403227,208011,83,166,104,14143,7285,38211,19779,63252,33222,64314,33293,42345,21883,19485,10170,8321,4281,2752,1411,2235327,0
10,npc_dota_hero_morphling,Morphling,agi,Ranged,"['Carry', 'Escape', 'Durable', 'Nuker', 'Disabler']",/apps/dota2/images/heroes/morphling_full.png?,/apps/dota2/images/heroes/morphling_icon.png,200,,75,0,-2,25,9,18,22,24,15,3,4.3,1.5,350,1300,1.5,280,0.6,True,0,10,280150,139084,83,160,440,11414,5639,25518,12455,37285,18064,38432,18082,27853,13026,14150,6754,7127,3357,2810,1296,1514959,0
11,npc_dota_hero_nevermore,Shadow Fiend,agi,Ranged,"['Carry', 'Nuker']",/apps/dota2/images/heroes/nevermore_full.png?,/apps/dota2/images/heroes/nevermore_icon.png,200,0.25,75,0.3,0,25,19,25,19,20,18,2.7,3.5,2.2,500,1200,1.7,305,1,True,0,11,648444,316671,38,78,115,22571,11132,48268,24186,67780,33518,67490,33215,45033,21903,21001,10129,9198,4388,2305,1044,2391791,0
12,npc_dota_hero_phantom_lancer,Phantom Lancer,agi,Melee,"['Carry', 'Escape', 'Pusher', 'Nuker']",/apps/dota2/images/heroes/phantom_lancer_full.png?,/apps/dota2/images/heroes/phantom_lancer_icon.png,200,1.5,75,0,0,25,26,40,19,26,21,2.2,3.2,2,150,900,1.7,290,0.6,True,2,12,297033,155821,42,80,264,15682,8057,27736,14164,34208,17138,31145,15683,21148,10776,10716,5416,6190,3229,2581,1360,1058865,0
13,npc_dota_hero_puck,Puck,int,Ranged,"['Initiator', 'Disabler', 'Escape', 'Nuker']",/apps/dota2/images/heroes/puck_full.png?,/apps/dota2/images/heroes/puck_icon.png,200,0.5,75,0,-3,25,23,34,17,22,23,2.4,2.5,3.5,550,900,1.7,290,0.8,True,2,13,268589,131663,150,327,672,8089,3988,22871,11336,43946,22345,57673,29658,42103,21961,20212,10447,9042,4679,3245,1673,1217744,0
14,npc_dota_hero_pudge,Pudge,str,Melee,"['Disabler', 'Initiator', 'Durable', 'Nuker']",/apps/dota2/images/heroes/pudge_full.png?,/apps/dota2/images/heroes/pudge_icon.png,200,2,75,0,-1,25,42,48,25,14,16,3,1.4,1.5,150,0,1.7,280,0.7,True,2,14,1423715,688606,7,14,8,27907,14512,58388,29845,80477,40877,77598,38558,50543,24629,22453,10777,9461,4481,1616,723,3808707,0
15,npc_dota_hero_razor,Razor,agi,Ranged,"['Carry', 'Durable', 'Nuker', 'Pusher']",/apps/dota2/images/heroes/razor_full.png?,/apps/dota2/images/heroes/razor_icon.png,200,1,75,0,-1,25,23,25,22,22,21,2.8,2.6,2.2,475,2000,1.7,290,0.5,True,0,15,170871,87311,60,96,154,8066,4084,13413,7041,19198,10279,19794,10754,14041,7685,7033,3812,3099,1689,848,488,518557,0
16,npc_dota_hero_sand_king,Sand King,str,Melee,"['Initiator', 'Disabler', 'Support', 'Nuker', 'Escape', 'Jungler']",/apps/dota2/images/heroes/sand_king_full.png?,/apps/dota2/images/heroes/sand_king_icon.png,200,,75,0,-1,25,23,33,22,19,19,3,1.8,1.8,150,900,1.7,290,0.5,True,6,16,279973,151873,32,74,48,11121,5974,22948,12345,33463,17528,35092,18342,24437,12789,12325,6467,5663,2970,1659,836,1165005,0
17,npc_dota_hero_storm_spirit,Storm Spirit,int,Ranged,"['Carry', 'Escape', 'Nuker', 'Initiator', 'Disabler']",/apps/dota2/images/heroes/storm_spirit_full.png?,/apps/dota2/images/heroes/storm_spirit_icon.png,200,,75,0,2,25,26,36,21,22,23,2,1.7,3.9,480,1100,1.7,285,0.8,True,2,17,298869,142449,89,171,325,10104,4761,24757,11900,39634,18990,42829,21007,30369,14955,14807,7350,7023,3511,2449,1241,1594058,0
18,npc_dota_hero_sven,Sven,str,Melee,"['Carry', 'Disabler', 'Initiator', 'Durable', 'Nuker']",/apps/dota2/images/heroes/sven_full.png?,/apps/dota2/images/heroes/sven_icon.png,200,,75,0,1,25,41,43,22,21,16,3.2,2,1.3,150,0,1.8,325,0.6,True,2,18,219055,103335,5,14,2,12694,6042,19307,8892,19710,8869,13696,5981,6042,2693,1913,846,556,236,83,45,1642386,0
19,npc_dota_hero_tiny,Tiny,str,Melee,"['Carry', 'Nuker', 'Pusher', 'Initiator', 'Durable', 'Disabler']",/apps/dota2/images/heroes/tiny_full.png?,/apps/dota2/images/heroes/tiny_icon.png,200,1,75,0,0,25,31,37,28,0,17,3.8,0,2.2,150,900,1.7,300,0.5,True,2,19,153881,64032,40,74,28,5553,2375,11651,5016,17934,7852,19773,8590,14515,6545,7328,3332,3586,1687,1411,676,1168782,0
20,npc_dota_hero_vengefulspirit,Vengeful Spirit,agi,Ranged,"['Support', 'Initiator', 'Disabler', 'Nuker', 'Escape']",/apps/dota2/images/heroes/vengefulspirit_full.png?,/apps/dota2/images/heroes/vengefulspirit_icon.png,200,0.25,75,0,0,25,21,29,19,20,19,2.4,3.8,1.5,400,1500,1.7,290,0.6,True,2,20,190106,94526,4,11,1,7251,3567,15369,7503,20984,9961,19827,9508,12082,5747,5151,2467,1857,908,403,192,952774,0
21,npc_dota_hero_windrunner,Windranger,int,Ranged,"['Carry', 'Support', 'Disabler', 'Escape', 'Nuker']",/apps/dota2/images/heroes/windrunner_full.png?,/apps/dota2/images/heroes/windrunner_icon.png,200,,75,0,-1,25,24,36,18,17,18,3,1.4,3.6,600,1250,1.5,290,0.8,True,2,21,773854,407489,36,96,62,24250,12474,49656,25886,69369,36122,67887,35455,44998,23641,20867,10985,9038,4645,2579,1325,2952408,0
22,npc_dota_hero_zuus,Zeus,int,Ranged,['Nuker'],/apps/dota2/images/heroes/zuus_full.png?,/apps/dota2/images/heroes/zuus_icon.png,200,,75,0,1,25,33,41,19,11,22,2.1,1.2,3.3,380,1100,1.7,310,0.6,True,2,22,631247,336408,7,16,31,21688,11288,40633,21068,52666,27168,48626,24667,29917,14961,12058,5883,4059,1880,770,334,2391335,0
23,npc_dota_hero_kunkka,Kunkka,str,Melee,"['Carry', 'Support', 'Disabler', 'Initiator', 'Durable', 'Nuker']",/apps/dota2/images/heroes/kunkka_full.png?,/apps/dota2/images/heroes/kunkka_icon.png,200,0.25,75,0,1,25,26,36,24,14,18,3.8,1.3,1.8,150,900,1.7,300,0.6,True,2,23,195532,89135,31,72,126,8686,3830,17342,7746,23963,10834,22270,10166,13105,5877,5035,2306,1785,800,541,217,992337,0
25,npc_dota_hero_lina,Lina,int,Ranged,"['Support', 'Carry', 'Nuker', 'Disabler']",/apps/dota2/images/heroes/lina_full.png?,/apps/dota2/images/heroes/lina_icon.png,200,,75,0,0,25,19,27,20,23,30,2.4,1.8,3.7,670,1000,1.6,290,0.6,True,2,25,321762,139248,31,59,69,17584,7815,31748,14305,43667,19999,43154,20007,28133,13116,12564,5815,4968,2317,1351,633,2045641,0
26,npc_dota_hero_lion,Lion,int,Ranged,"['Support', 'Disabler', 'Nuker', 'Initiator']",/apps/dota2/images/heroes/lion_full.png?,/apps/dota2/images/heroes/lion_icon.png,200,,75,0,0,25,29,35,18,18,18,2.2,1.5,3.5,600,900,1.7,290,0.5,True,2,26,865231,413663,151,295,78,27400,13905,56268,28539,76962,38900,74615,37684,48559,24632,21964,11023,9537,4826,2665,1332,3243778,0
27,npc_dota_hero_shadow_shaman,Shadow Shaman,int,Ranged,"['Support', 'Pusher', 'Disabler', 'Nuker', 'Initiator']",/apps/dota2/images/heroes/shadow_shaman_full.png?,/apps/dota2/images/heroes/shadow_shaman_icon.png,200,,75,0,2,25,46,53,23,16,25,2.3,1.6,3.5,400,900,1.7,285,0.5,True,2,27,515949,274985,94,204,82,23499,12386,47748,25207,65486,34640,64132,34452,43062,23038,20249,10943,9047,4726,2555,1357,2002910,0
28,npc_dota_hero_slardar,Slardar,str,Melee,"['Carry', 'Durable', 'Initiator', 'Disabler', 'Escape']",/apps/dota2/images/heroes/slardar_full.png?,/apps/dota2/images/heroes/slardar_icon.png,200,0.5,75,0,3,25,30,38,21,17,15,3.6,2.4,1.5,150,0,1.7,300,0.5,True,0,28,259451,134572,15,32,34,11804,5867,24596,12270,32979,16370,30059,14987,18210,9016,7252,3607,2793,1341,630,324,1621090,0
29,npc_dota_hero_tidehunter,Tidehunter,str,Melee,"['Initiator', 'Durable', 'Disabler', 'Nuker']",/apps/dota2/images/heroes/tidehunter_full.png?,/apps/dota2/images/heroes/tidehunter_icon.png,200,,75,0,0,25,25,31,27,15,18,3.5,1.5,1.7,150,900,1.7,300,0.5,True,2,29,212308,110610,127,251,345,10517,5426,25894,13417,38884,20055,38711,20131,25166,13113,11938,6200,5513,2758,2112,1043,1214815,0
30,npc_dota_hero_witch_doctor,Witch Doctor,int,Ranged,"['Support', 'Nuker', 'Disabler']",/apps/dota2/images/heroes/witch_doctor_full.png?,/apps/dota2/images/heroes/witch_doctor_icon.png,200,,75,0,0,25,29,39,18,13,22,2.3,1.4,3.3,600,1200,1.7,300,0.5,True,2,30,351206,170790,42,90,50,23476,11652,47118,23265,63500,31320,60471,29474,37282,17950,15659,7458,5746,2658,1563,736,2307891,0
31,npc_dota_hero_lich,Lich,int,Ranged,"['Support', 'Nuker']",/apps/dota2/images/heroes/lich_full.png?,/apps/dota2/images/heroes/lich_icon.png,200,,75,0.75,-1,25,24,33,20,15,24,2.1,2,4.1,550,900,1.7,295,0.5,True,2,31,191704,92369,17,35,16,12802,6346,25957,12822,36119,17910,36953,18476,25186,12513,12494,6136,5954,2919,1689,789,1567541,0
32,npc_dota_hero_riki,Riki,agi,Melee,"['Carry', 'Escape', 'Disabler']",/apps/dota2/images/heroes/riki_full.png?,/apps/dota2/images/heroes/riki_icon.png,200,3,75,0,3,25,41,45,18,18,14,2.4,1.4,1.3,150,900,1.7,320,0.6,True,2,32,352979,177548,14,28,67,17729,9100,32424,16719,40055,20215,36128,17809,21461,10423,8943,4346,3167,1511,687,341,1502267,0
33,npc_dota_hero_enigma,Enigma,int,Ranged,"['Disabler', 'Jungler', 'Initiator', 'Pusher']",/apps/dota2/images/heroes/enigma_full.png?,/apps/dota2/images/heroes/enigma_icon.png,200,,75,0,2,25,24,30,21,14,19,2.5,1,3.6,500,900,1.7,290,0.5,True,0,33,244520,132952,66,128,201,6497,3411,15151,8058,21866,11509,21789,11371,14976,8037,7559,4106,4114,2275,2042,1167,649725,0
34,npc_dota_hero_tinker,Tinker,int,Ranged,"['Carry', 'Nuker', 'Pusher']",/apps/dota2/images/heroes/tinker_full.png?,/apps/dota2/images/heroes/tinker_icon.png,200,,75,0.75,2,25,24,30,18,13,30,2.5,1.2,3.3,500,900,1.7,290,0.6,True,2,34,238790,108540,4,14,24,8098,3810,19749,9561,31699,15580,33046,16500,22864,11513,10871,5693,4808,2538,1222,664,976756,0
35,npc_dota_hero_sniper,Sniper,agi,Ranged,"['Carry', 'Nuker']",/apps/dota2/images/heroes/sniper_full.png?,/apps/dota2/images/heroes/sniper_icon.png,200,,75,0,-1,25,13,19,19,27,15,2,3.2,2.6,550,3000,1.7,285,0.7,True,2,35,1114715,558192,5,13,5,28042,13937,53507,26144,70411,34736,58626,28618,28365,13927,8832,4276,2075,963,222,105,2249702,0
36,npc_dota_hero_necrolyte,Necrophos,int,Ranged,"['Carry', 'Nuker', 'Durable', 'Disabler']",/apps/dota2/images/heroes/necrolyte_full.png?,/apps/dota2/images/heroes/necrolyte_icon.png,200,,75,0,1,25,26,30,18,12,21,2.6,1.3,2.7,500,900,1.7,280,0.5,True,2,36,195735,98848,3,10,5,9532,4959,18645,9442,23040,11471,19796,9884,11387,5686,4469,2244,1573,761,229,106,986096,0
37,npc_dota_hero_warlock,Warlock,int,Ranged,"['Support', 'Initiator', 'Disabler']",/apps/dota2/images/heroes/warlock_full.png?,/apps/dota2/images/heroes/warlock_icon.png,200,,75,0,1,25,24,34,26,10,25,3,1,3.1,600,1200,1.7,290,0.5,True,2,37,159403,88437,4,10,1,7351,3878,15687,8180,20933,10904,19594,10132,12548,6436,5657,2918,2378,1229,524,238,833657,0
38,npc_dota_hero_beastmaster,Beastmaster,str,Melee,"['Initiator', 'Disabler', 'Durable', 'Nuker']",/apps/dota2/images/heroes/beastmaster_full.png?,/apps/dota2/images/heroes/beastmaster_icon.png,200,,75,0,-1,25,37,41,23,18,16,2.9,1.6,1.9,150,0,1.7,305,0.5,True,2,38,56471,25155,99,188,466,2016,973,4801,2311,8652,4255,10944,5489,9377,4833,5962,3108,3983,2126,2017,1146,336984,0
39,npc_dota_hero_queenofpain,Queen of Pain,int,Ranged,"['Carry', 'Nuker', 'Escape']",/apps/dota2/images/heroes/queenofpain_full.png?,/apps/dota2/images/heroes/queenofpain_icon.png,200,,75,0,0,25,20,28,18,22,25,2.4,2.5,3.4,550,1500,1.5,290,0.5,True,2,39,279459,129693,59,108,148,11430,5401,25755,12122,38972,18634,40138,19234,27247,13292,12543,6145,5542,2729,1798,867,1624811,0
40,npc_dota_hero_venomancer,Venomancer,agi,Ranged,"['Support', 'Nuker', 'Initiator', 'Pusher', 'Disabler']",/apps/dota2/images/heroes/venomancer_full.png?,/apps/dota2/images/heroes/venomancer_icon.png,200,,75,0,0,25,16,18,19,26,19,2.1,3.2,1.8,450,900,1.7,280,0.5,True,0,40,284743,143054,20,46,45,9946,4833,20271,10152,28714,14420,27799,14078,18012,9160,7827,4000,3173,1667,825,406,1047033,0
41,npc_dota_hero_faceless_void,Faceless Void,agi,Melee,"['Carry', 'Initiator', 'Disabler', 'Escape', 'Durable']",/apps/dota2/images/heroes/faceless_void_full.png?,/apps/dota2/images/heroes/faceless_void_icon.png,200,0.5,75,0,0,25,37,43,22,19,15,2.4,3,1.5,150,900,1.7,300,1,True,2,41,347741,164918,3,7,22,17270,7883,33606,15225,40784,18230,32611,14578,16279,7239,5511,2462,1533,673,239,109,2378203,0
42,npc_dota_hero_skeleton_king,Wraith King,str,Melee,"['Carry', 'Support', 'Durable', 'Disabler', 'Initiator']",/apps/dota2/images/heroes/skeleton_king_full.png?,/apps/dota2/images/heroes/skeleton_king_icon.png,200,,75,0,-1,25,40,42,22,18,18,3,1.7,1.6,150,0,1.7,315,0.5,True,2,42,621334,349284,101,185,207,24924,13788,49855,27257,68746,37219,66480,35548,43576,23053,20162,10424,8724,4399,2568,1275,2205793,0
43,npc_dota_hero_death_prophet,Death Prophet,int,Ranged,"['Carry', 'Pusher', 'Nuker', 'Disabler']",/apps/dota2/images/heroes/death_prophet_full.png?,/apps/dota2/images/heroes/death_prophet_icon.png,200,,75,0,1,25,27,39,19,14,24,3.1,1.4,3.5,600,1000,1.7,335,0.8,True,2,43,120718,58033,176,310,470,6502,3157,11651,5670,16246,8083,16710,8446,12449,6270,6846,3464,4317,2173,2359,1198,472728,0
44,npc_dota_hero_phantom_assassin,Phantom Assassin,agi,Melee,"['Carry', 'Escape']",/apps/dota2/images/heroes/phantom_assassin_full.png?,/apps/dota2/images/heroes/phantom_assassin_icon.png,200,0.25,75,0,1,25,30,32,21,23,15,2.2,3.4,1.4,150,900,1.7,305,0.6,True,2,44,750012,387962,72,180,177,26549,13026,52718,25805,70854,34202,66430,31781,42872,20349,19538,9098,8529,4004,2662,1211,3103203,0
45,npc_dota_hero_pugna,Pugna,int,Ranged,"['Nuker', 'Pusher']",/apps/dota2/images/heroes/pugna_full.png?,/apps/dota2/images/heroes/pugna_icon.png,200,,75,0.5,0,25,19,27,19,24,24,2,1.3,5.2,630,900,1.7,330,0.5,True,2,45,214044,102972,19,35,52,8113,3823,14261,6798,19100,9389,18370,9046,12399,6151,5905,2972,2686,1369,923,480,878069,0
46,npc_dota_hero_templar_assassin,Templar Assassin,agi,Ranged,"['Carry', 'Escape']",/apps/dota2/images/heroes/templar_assassin_full.png?,/apps/dota2/images/heroes/templar_assassin_icon.png,200,0.25,75,0,1,25,30,36,21,23,20,2.4,3.2,2,160,900,1.7,305,0.7,True,2,46,118124,53434,23,53,137,5986,2624,10631,4761,14515,6785,14651,7073,10395,5095,5411,2727,2669,1354,999,518,676489,0
47,npc_dota_hero_viper,Viper,agi,Ranged,"['Carry', 'Durable', 'Initiator', 'Disabler']",/apps/dota2/images/heroes/viper_full.png?,/apps/dota2/images/heroes/viper_icon.png,200,,75,0,-2,25,27,29,21,21,17,2.4,2.5,2,575,1200,1.7,275,0.5,True,0,47,454158,219735,39,85,289,19452,9004,29890,14276,35772,17055,30998,14781,18419,8836,7569,3642,2955,1415,885,426,1442946,0
48,npc_dota_hero_luna,Luna,agi,Ranged,"['Carry', 'Nuker', 'Pusher']",/apps/dota2/images/heroes/luna_full.png?,/apps/dota2/images/heroes/luna_icon.png,200,0.5,75,0,2,25,26,32,21,24,23,2.2,3.4,1.9,330,900,1.7,325,0.6,True,2,48,364315,187277,24,45,25,14379,7312,24981,12648,31157,15706,28840,14647,17850,9002,7382,3815,3000,1482,777,407,1049975,0
49,npc_dota_hero_dragon_knight,Dragon Knight,str,Melee,"['Carry', 'Pusher', 'Durable', 'Disabler', 'Initiator', 'Nuker']",/apps/dota2/images/heroes/dragon_knight_full.png?,/apps/dota2/images/heroes/dragon_knight_icon.png,200,,75,0,0,25,31,37,21,19,18,3.4,2,1.7,150,900,1.7,310,0.6,True,2,49,215671,111576,53,93,92,13198,6921,25658,13446,32118,16683,27829,14455,15798,7861,6332,3091,2216,1090,630,276,897833,0
50,npc_dota_hero_dazzle,Dazzle,int,Ranged,"['Support', 'Nuker', 'Disabler']",/apps/dota2/images/heroes/dazzle_full.png?,/apps/dota2/images/heroes/dazzle_icon.png,200,,75,0,-1,25,22,28,18,21,25,2.5,1.7,3.7,550,1200,1.7,305,0.6,True,2,50,243535,123503,5,8,7,11522,5694,25782,12866,33305,16456,29170,14087,15958,7642,5782,2691,1773,841,306,138,1188383,0
51,npc_dota_hero_rattletrap,Clockwerk,str,Melee,"['Initiator', 'Disabler', 'Durable', 'Nuker']",/apps/dota2/images/heroes/rattletrap_full.png?,/apps/dota2/images/heroes/rattletrap_icon.png,200,,75,0,0,25,24,26,26,13,18,3.5,2.3,1.5,150,900,1.7,310,0.6,True,2,51,182891,97202,69,136,57,5249,2619,14378,7262,23811,12209,26278,13484,19011,9841,9091,4694,4046,2069,1344,665,1070439,0
52,npc_dota_hero_leshrac,Leshrac,int,Ranged,"['Carry', 'Support', 'Nuker', 'Pusher', 'Disabler']",/apps/dota2/images/heroes/leshrac_full.png?,/apps/dota2/images/heroes/leshrac_icon.png,200,,75,0,0,25,22,26,20,23,22,2.5,2.8,3.5,575,900,1.7,325,0.5,True,4,52,79781,35569,62,116,139,2826,1324,5669,2598,8189,3753,8539,3887,6313,2961,3511,1729,1993,999,1021,513,509861,0
53,npc_dota_hero_furion,Nature's Prophet,int,Ranged,"['Carry', 'Jungler', 'Pusher', 'Escape', 'Nuker']",/apps/dota2/images/heroes/furion_full.png?,/apps/dota2/images/heroes/furion_icon.png,200,,75,0,0,25,27,37,21,22,23,2.6,3.6,3.7,600,1125,1.7,290,0.6,True,2,53,330429,158756,72,114,109,14278,6385,21628,9183,23861,10109,20082,8497,11988,5195,5202,2310,2257,1040,1028,476,958851,0
54,npc_dota_hero_life_stealer,Lifestealer,str,Melee,"['Carry', 'Durable', 'Jungler', 'Escape', 'Disabler']",/apps/dota2/images/heroes/life_stealer_full.png?,/apps/dota2/images/heroes/life_stealer_icon.png,200,,75,0,1,25,21,27,25,18,15,2.4,2.4,1.8,150,900,1.7,325,1,True,2,54,243059,121447,15,26,15,11282,5473,22466,11086,28823,14475,26008,12815,15689,7717,6703,3265,2403,1168,522,253,1230368,0
55,npc_dota_hero_dark_seer,Dark Seer,int,Melee,"['Initiator', 'Jungler', 'Escape', 'Disabler']",/apps/dota2/images/heroes/dark_seer_full.png?,/apps/dota2/images/heroes/dark_seer_icon.png,200,,75,0,2,25,33,39,20,18,21,3.1,1.8,3.1,150,900,1.7,295,0.6,True,2,55,120814,66354,13,30,20,3385,1843,6842,3711,9214,4888,9258,4847,6151,3148,3323,1750,1633,863,695,365,350208,0
56,npc_dota_hero_clinkz,Clinkz,agi,Ranged,"['Carry', 'Escape', 'Pusher']",/apps/dota2/images/heroes/clinkz_full.png?,/apps/dota2/images/heroes/clinkz_icon.png,200,0.25,75,0,0,25,15,21,14,22,18,2.2,2.7,2.2,625,900,1.7,290,0.5,True,2,56,355968,195231,9,15,15,11265,5634,19140,9817,22776,11955,21777,11719,15063,8285,7134,3910,3039,1646,597,307,1171284,0
57,npc_dota_hero_omniknight,Omniknight,str,Melee,"['Support', 'Durable', 'Nuker']",/apps/dota2/images/heroes/omniknight_full.png?,/apps/dota2/images/heroes/omniknight_icon.png,200,,75,0,1,25,31,41,22,15,15,3.4,1.8,1.8,150,900,1.7,310,0.6,True,2,57,91619,46322,5,8,3,3787,1904,7666,3795,9672,4833,8361,4211,4701,2336,1820,918,663,314,134,62,429755,0
58,npc_dota_hero_enchantress,Enchantress,int,Ranged,"['Support', 'Jungler', 'Pusher', 'Durable', 'Disabler']",/apps/dota2/images/heroes/enchantress_full.png?,/apps/dota2/images/heroes/enchantress_icon.png,200,,75,0,1,25,23,33,17,19,22,1.7,1.8,3.8,575,900,1.7,320,0.6,True,4,58,111172,50387,40,79,96,5247,2344,7286,3158,8189,3654,7165,3222,4368,1940,2059,887,1094,497,553,267,358243,0
59,npc_dota_hero_huskar,Huskar,str,Ranged,"['Carry', 'Durable', 'Initiator']",/apps/dota2/images/heroes/huskar_full.png?,/apps/dota2/images/heroes/huskar_icon.png,200,,75,0,-1,25,21,26,21,15,18,3.2,1.8,1.5,400,1400,1.6,290,0.5,True,2,59,286610,143907,8,16,28,14002,6832,18974,9169,20719,10029,17293,8450,10113,5024,4201,2028,1656,833,400,195,648911,0
60,npc_dota_hero_night_stalker,Night Stalker,str,Melee,"['Carry', 'Initiator', 'Durable', 'Disabler', 'Nuker']",/apps/dota2/images/heroes/night_stalker_full.png?,/apps/dota2/images/heroes/night_stalker_icon.png,200,2.25,75,0,2,25,38,42,23,18,15,3,2.3,1.6,150,900,1.7,295,0.5,True,2,60,96618,47081,30,51,96,4639,2326,10686,5542,16769,8754,18511,9926,13439,7168,6787,3569,3449,1843,997,504,801850,0
61,npc_dota_hero_broodmother,Broodmother,agi,Melee,"['Carry', 'Pusher', 'Escape', 'Nuker']",/apps/dota2/images/heroes/broodmother_full.png?,/apps/dota2/images/heroes/broodmother_icon.png,200,,75,0,0,25,29,35,18,15,18,3.2,3,2,150,900,1.7,275,0.5,True,8,61,63278,27051,12,23,72,2748,1292,4492,2126,5724,2861,5599,2817,4092,2194,2510,1387,1497,898,589,319,264129,0
62,npc_dota_hero_bounty_hunter,Bounty Hunter,agi,Melee,"['Escape', 'Nuker']",/apps/dota2/images/heroes/bounty_hunter_full.png?,/apps/dota2/images/heroes/bounty_hunter_icon.png,200,1.25,75,0.5,4,25,30,38,20,21,22,2.5,2.6,1.9,150,900,1.7,320,0.6,True,2,62,345975,165328,15,30,15,17107,8815,29878,15465,39230,20731,39636,21347,28280,15218,13905,7540,6351,3401,2246,1197,1310599,0
63,npc_dota_hero_weaver,Weaver,agi,Ranged,"['Carry', 'Escape']",/apps/dota2/images/heroes/weaver_full.png?,/apps/dota2/images/heroes/weaver_icon.png,200,1,75,0.75,0,25,36,46,16,14,16,2,3.1,2,425,900,1.8,275,0.5,True,4,63,400102,207131,63,145,307,15929,7992,28115,14136,37191,18907,37853,19409,27179,13973,13919,7116,6619,3475,2416,1252,1066174,0
64,npc_dota_hero_jakiro,Jakiro,int,Ranged,"['Support', 'Nuker', 'Pusher', 'Disabler']",/apps/dota2/images/heroes/jakiro_full.png?,/apps/dota2/images/heroes/jakiro_icon.png,200,,75,0,1,25,27,35,27,10,26,3,1.2,2.8,400,1100,1.7,290,0.5,True,2,64,187407,93995,9,22,8,9590,4812,22442,11160,34229,17189,35634,17776,23910,11821,10748,5286,4454,2209,1041,505,1449085,0
65,npc_dota_hero_batrider,Batrider,int,Ranged,"['Initiator', 'Jungler', 'Disabler', 'Escape']",/apps/dota2/images/heroes/batrider_full.png?,/apps/dota2/images/heroes/batrider_icon.png,200,1.75,75,0,1,25,16,20,28,15,22,2.9,1.8,2.9,375,900,1.7,290,1,True,2,65,56340,22839,31,73,284,1760,735,3946,1679,5877,2485,6496,2875,4904,2109,2646,1117,1506,682,711,329,358622,0
66,npc_dota_hero_chen,Chen,int,Ranged,"['Support', 'Jungler', 'Pusher']",/apps/dota2/images/heroes/chen_full.png?,/apps/dota2/images/heroes/chen_icon.png,200,,75,0,-1,25,25,35,25,15,19,2,2.1,3.2,650,1100,1.7,300,0.6,True,2,66,36211,14962,9,14,11,875,361,1449,646,1964,861,1996,915,1378,648,752,340,402,216,213,118,98740,0
67,npc_dota_hero_spectre,Spectre,agi,Melee,"['Carry', 'Durable', 'Escape']",/apps/dota2/images/heroes/spectre_full.png?,/apps/dota2/images/heroes/spectre_icon.png,200,1.5,75,0,0,25,23,27,23,23,16,2.5,2.1,1.9,150,900,1.7,290,0.5,True,0,67,224271,123720,5,13,6,10357,5509,22999,11993,32168,16605,28656,14498,16175,8045,5847,2857,1756,815,318,143,1936208,0
68,npc_dota_hero_ancient_apparition,Ancient Apparition,int,Ranged,"['Support', 'Disabler', 'Nuker']",/apps/dota2/images/heroes/ancient_apparition_full.png?,/apps/dota2/images/heroes/ancient_apparition_icon.png,200,,75,0,-1,25,21,31,20,20,23,1.9,2.2,3.4,675,1250,1.7,285,0.6,True,2,68,292800,156062,51,98,129,9034,4780,25106,13442,39720,21230,40626,21695,27250,14543,12204,6354,4854,2474,1263,648,1205243,0
69,npc_dota_hero_doom_bringer,Doom,str,Melee,"['Carry', 'Disabler', 'Initiator', 'Durable', 'Nuker']",/apps/dota2/images/heroes/doom_bringer_full.png?,/apps/dota2/images/heroes/doom_bringer_icon.png,200,,75,0,0,25,30,46,24,11,15,3.7,0.9,2.1,200,900,2,285,0.5,True,2,69,91693,39317,6,16,35,4603,2054,9974,4366,14151,6351,14404,6496,9551,4342,4335,1976,1839,890,397,201,728873,0
70,npc_dota_hero_ursa,Ursa,agi,Melee,"['Carry', 'Jungler', 'Durable', 'Disabler']",/apps/dota2/images/heroes/ursa_full.png?,/apps/dota2/images/heroes/ursa_icon.png,200,0.5,75,0,1,25,24,28,24,18,16,2.6,2.4,1.5,150,900,1.7,310,0.5,True,2,70,346511,186493,100,181,408,13663,6798,31383,15876,48892,25201,53645,27910,39024,20000,18886,9801,8368,4326,2883,1458,1390982,0
71,npc_dota_hero_spirit_breaker,Spirit Breaker,str,Melee,"['Carry', 'Initiator', 'Disabler', 'Durable', 'Escape']",/apps/dota2/images/heroes/spirit_breaker_full.png?,/apps/dota2/images/heroes/spirit_breaker_icon.png,200,1.25,75,0,2,25,31,41,29,17,14,3.1,1.7,1.8,150,900,1.9,290,0.5,True,2,71,407981,205778,23,57,24,18443,9490,32851,16981,41744,21443,37944,19388,23772,12278,10664,5419,4532,2300,1584,804,1451502,0
72,npc_dota_hero_gyrocopter,Gyrocopter,agi,Ranged,"['Carry', 'Nuker', 'Disabler']",/apps/dota2/images/heroes/gyrocopter_full.png?,/apps/dota2/images/heroes/gyrocopter_icon.png,200,,75,0,2,25,16,22,22,26,21,2.5,3.6,2.1,365,3000,1.7,315,0.6,True,2,72,163888,82850,58,104,60,6662,3312,12693,6331,17744,8680,18016,8836,12396,6113,5669,2841,2448,1226,934,486,564425,0
73,npc_dota_hero_alchemist,Alchemist,str,Melee,"['Carry', 'Support', 'Durable', 'Disabler', 'Initiator', 'Nuker']",/apps/dota2/images/heroes/alchemist_full.png?,/apps/dota2/images/heroes/alchemist_icon.png,200,,75,0,-1,25,24,33,25,22,25,2.7,1.5,1.8,150,900,1.7,305,0.6,True,2,73,157854,70727,76,167,373,10559,5332,25149,12854,38009,19952,39348,20951,27785,14791,14418,7695,7192,3782,2650,1374,876173,0
74,npc_dota_hero_invoker,Invoker,int,Ranged,"['Carry', 'Nuker', 'Disabler', 'Escape', 'Pusher']",/apps/dota2/images/heroes/invoker_full.png?,/apps/dota2/images/heroes/invoker_icon.png,200,,75,0,0,25,29,35,18,14,15,2.4,1.9,4.6,600,900,1.7,280,0.5,True,2,74,719659,354484,58,115,244,19123,9025,44944,21778,65068,31992,64134,31740,42204,21375,19590,10008,8704,4487,2064,1060,2772235,0
75,npc_dota_hero_silencer,Silencer,int,Ranged,"['Carry', 'Support', 'Disabler', 'Initiator', 'Nuker']",/apps/dota2/images/heroes/silencer_full.png?,/apps/dota2/images/heroes/silencer_icon.png,200,,75,0,-1,25,18,32,19,22,25,2.7,2.4,2.9,600,900,1.7,290,0.6,True,2,75,379122,194493,4,17,23,17096,8773,34622,17696,43458,22001,38366,19133,21989,10866,8609,4268,3048,1484,513,246,1550887,0
76,npc_dota_hero_obsidian_destroyer,Outworld Devourer,int,Ranged,"['Carry', 'Nuker', 'Disabler']",/apps/dota2/images/heroes/obsidian_destroyer_full.png?,/apps/dota2/images/heroes/obsidian_destroyer_icon.png,200,,75,0,1.5,25,19,31,21,22,30,2.9,1.3,4.2,450,900,1.9,310,0.5,True,4,76,236207,117181,39,96,396,11450,5700,28673,14683,47582,24573,53506,27591,38414,19756,18834,9655,8565,4223,2561,1288,1062287,0
77,npc_dota_hero_lycan,Lycan,str,Melee,"['Carry', 'Pusher', 'Jungler', 'Durable', 'Escape']",/apps/dota2/images/heroes/lycan_full.png?,/apps/dota2/images/heroes/lycan_icon.png,200,,75,0,-1,25,24,29,26,16,23,3.4,1,1.4,150,900,1.7,305,0.5,True,2,77,71790,32129,73,121,368,2969,1378,5278,2428,7226,3525,7463,3824,5698,2964,3391,1836,2285,1315,1136,645,302474,0
78,npc_dota_hero_brewmaster,Brewmaster,str,Melee,"['Carry', 'Initiator', 'Durable', 'Disabler', 'Nuker']",/apps/dota2/images/heroes/brewmaster_full.png?,/apps/dota2/images/heroes/brewmaster_icon.png,200,0.5,75,0,-1,25,29,36,23,19,15,3.7,2,1.6,150,900,1.7,305,0.6,True,2,78,48002,22985,20,42,40,1595,785,3150,1502,4646,2254,5210,2519,3935,1924,2099,1018,1106,532,375,163,231004,0
79,npc_dota_hero_shadow_demon,Shadow Demon,int,Ranged,"['Support', 'Disabler', 'Initiator', 'Nuker']",/apps/dota2/images/heroes/shadow_demon_full.png?,/apps/dota2/images/heroes/shadow_demon_icon.png,200,,75,0,0,25,29,33,23,18,21,2.6,2.2,3.3,500,900,1.7,290,0.6,True,2,79,80231,35825,13,28,22,2489,1102,5863,2665,9116,4298,9601,4494,6829,3271,3236,1570,1399,681,428,194,404527,0
80,npc_dota_hero_lone_druid,Lone Druid,agi,Ranged,"['Carry', 'Pusher', 'Jungler', 'Durable']",/apps/dota2/images/heroes/lone_druid_full.png?,/apps/dota2/images/heroes/lone_druid_icon.png,200,0.25,75,0,-2,25,18,22,18,20,13,2.5,2.8,1.4,550,900,1.7,325,0.5,True,2,80,80314,34183,8,19,31,3096,1475,5614,2621,7321,3433,6684,3247,4084,1958,1821,859,719,329,166,87,305452,0
81,npc_dota_hero_chaos_knight,Chaos Knight,str,Melee,"['Carry', 'Disabler', 'Durable', 'Pusher', 'Initiator']",/apps/dota2/images/heroes/chaos_knight_full.png?,/apps/dota2/images/heroes/chaos_knight_icon.png,200,,75,0,2,25,29,59,22,18,18,3.4,1.4,1.2,150,900,1.7,320,0.5,True,2,81,221778,119356,13,23,10,15297,8125,24031,12733,25158,13213,19803,10276,11283,5793,4889,2482,2040,1062,491,256,958673,0
82,npc_dota_hero_meepo,Meepo,agi,Melee,"['Carry', 'Escape', 'Nuker', 'Disabler', 'Initiator', 'Pusher']",/apps/dota2/images/heroes/meepo_full.png?,/apps/dota2/images/heroes/meepo_icon.png,200,0.25,75,0,4,25,29,35,24,17,20,1.8,1.8,1.6,150,900,1.7,330,0.7,True,2,82,80244,34909,2,6,5,3192,1567,4895,2350,5956,2863,4900,2341,3008,1471,1336,641,528,254,118,61,269899,0
83,npc_dota_hero_treant,Treant Protector,str,Melee,"['Support', 'Initiator', 'Durable', 'Disabler', 'Escape']",/apps/dota2/images/heroes/treant_full.png?,/apps/dota2/images/heroes/treant_icon.png,200,,75,0.5,-1,25,62,70,25,15,20,3.4,2,1.8,150,900,1.9,280,0.5,True,2,83,164386,82870,17,31,12,7901,4043,17046,8802,24036,12494,22854,11941,14481,7341,6586,3328,2631,1308,702,364,963679,0
84,npc_dota_hero_ogre_magi,Ogre Magi,int,Melee,"['Support', 'Nuker', 'Disabler', 'Durable', 'Initiator']",/apps/dota2/images/heroes/ogre_magi_full.png?,/apps/dota2/images/heroes/ogre_magi_icon.png,200,3.25,75,0,5,25,37,43,23,14,15,3.5,1.5,2.5,150,900,1.7,290,0.6,True,2,84,997985,552088,35,77,14,25676,14014,53681,28792,72899,39079,69458,36564,44273,23338,19554,10236,7525,3829,1645,844,3167484,0
85,npc_dota_hero_undying,Undying,str,Melee,"['Support', 'Durable', 'Disabler', 'Nuker']",/apps/dota2/images/heroes/undying_full.png?,/apps/dota2/images/heroes/undying_icon.png,200,,75,0,1,25,35,43,22,10,27,2.8,0.8,2.8,150,900,1.7,300,0.6,True,2,85,219588,114804,42,77,48,10465,5282,19317,9686,23508,11677,21008,10471,12972,6352,5887,2935,2720,1337,1062,501,1164830,0
86,npc_dota_hero_rubick,Rubick,int,Ranged,"['Support', 'Disabler', 'Nuker']",/apps/dota2/images/heroes/rubick_full.png?,/apps/dota2/images/heroes/rubick_icon.png,200,,75,0,0,25,24,30,21,23,25,2,2.5,3.1,550,1125,1.7,290,0.7,True,2,86,508299,229779,105,238,124,13646,6178,36515,16660,62019,28464,65278,30237,44848,20871,21294,9972,9020,4262,3088,1501,2342380,0
87,npc_dota_hero_disruptor,Disruptor,int,Ranged,"['Support', 'Disabler', 'Nuker', 'Initiator']",/apps/dota2/images/heroes/disruptor_full.png?,/apps/dota2/images/heroes/disruptor_icon.png,200,,75,0,0,25,29,33,21,15,20,2.4,1.4,2.9,625,1200,1.7,295,0.5,True,2,87,154315,72997,23,56,13,8336,4092,20714,10101,32446,15969,34578,17111,24011,11834,11332,5547,5093,2532,1495,725,1316871,0
88,npc_dota_hero_nyx_assassin,Nyx Assassin,agi,Melee,"['Disabler', 'Nuker', 'Initiator', 'Escape']",/apps/dota2/images/heroes/nyx_assassin_full.png?,/apps/dota2/images/heroes/nyx_assassin_icon.png,200,2.5,75,0,1,25,27,31,18,19,21,2.5,2.5,2.1,150,900,1.7,315,0.5,True,6,88,269782,137968,80,134,292,6981,3469,16108,8124,25181,12859,28049,14503,21072,11095,10544,5611,5143,2731,1849,1003,966541,0
89,npc_dota_hero_naga_siren,Naga Siren,agi,Melee,"['Carry', 'Support', 'Pusher', 'Disabler', 'Initiator', 'Escape']",/apps/dota2/images/heroes/naga_siren_full.png?,/apps/dota2/images/heroes/naga_siren_icon.png,200,1.5,75,0,3,25,23,25,22,21,21,2.8,3.5,2,150,900,1.7,330,0.5,True,0,89,93030,49360,22,38,39,4639,2412,7389,3840,8189,4232,7000,3495,4420,2288,2183,1171,1113,592,453,245,316104,0
90,npc_dota_hero_keeper_of_the_light,Keeper of the Light,int,Ranged,"['Support', 'Nuker', 'Disabler', 'Jungler']",/apps/dota2/images/heroes/keeper_of_the_light_full.png?,/apps/dota2/images/heroes/keeper_of_the_light_icon.png,200,,75,0,-1,25,18,25,16,15,23,2.3,1.6,3.2,600,900,1.7,330,0.5,True,2,90,118579,50534,51,108,139,6238,2831,12231,5391,16839,7495,16821,7505,10762,4763,5030,2198,2225,1015,1024,520,647847,0
91,npc_dota_hero_wisp,Io,str,Ranged,"['Support', 'Escape', 'Nuker']",/apps/dota2/images/heroes/wisp_full.png?,/apps/dota2/images/heroes/wisp_icon.png,200,,75,0,1,25,28,34,17,14,23,3,1.6,1.7,500,1200,1.7,320,0.7,True,0,91,130864,59292,64,113,277,3622,1617,7649,3554,11520,5401,12551,5962,9576,4594,5139,2508,2658,1330,1282,704,490442,0
92,npc_dota_hero_visage,Visage,int,Ranged,"['Support', 'Nuker', 'Durable', 'Disabler', 'Pusher']",/apps/dota2/images/heroes/visage_full.png?,/apps/dota2/images/heroes/visage_icon.png,200,,75,0,-2,25,23,33,22,11,22,2.8,1.3,2.9,600,1400,1.7,285,0.5,True,2,92,49057,22615,7,17,27,1236,562,2277,1136,3240,1567,3709,1882,2918,1481,1687,887,872,463,390,198,150422,0
93,npc_dota_hero_slark,Slark,agi,Melee,"['Carry', 'Escape', 'Disabler', 'Nuker']",/apps/dota2/images/heroes/slark_full.png?,/apps/dota2/images/heroes/slark_icon.png,200,1.75,75,0,0,25,32,40,21,21,16,1.9,1.7,1.7,150,0,1.7,300,0.7,True,2,93,454618,224503,20,57,105,21430,10679,44740,22228,62806,30645,60684,29399,39701,19226,17921,8592,6924,3357,1577,775,2243922,0
94,npc_dota_hero_medusa,Medusa,agi,Ranged,"['Carry', 'Disabler', 'Durable']",/apps/dota2/images/heroes/medusa_full.png?,/apps/dota2/images/heroes/medusa_icon.png,200,,75,0,-1,25,26,32,17,22,23,1.5,3.6,4,600,1200,1.7,275,0.5,True,0,94,214712,111801,32,73,128,13472,6836,23893,11855,27733,13446,21608,10273,11169,5274,3906,1796,1277,578,315,139,958676,0
95,npc_dota_hero_troll_warlord,Troll Warlord,agi,Ranged,"['Carry', 'Pusher', 'Disabler', 'Durable']",/apps/dota2/images/heroes/troll_warlord_full.png?,/apps/dota2/images/heroes/troll_warlord_icon.png,200,0.25,75,0,-1,25,27,35,21,21,13,2.5,3.3,1,500,1200,1.7,290,0.5,True,2,95,342544,185950,95,195,491,16786,8982,27277,14338,34864,18365,33472,17553,23054,12152,11742,6102,5922,3097,2348,1224,1146894,0
96,npc_dota_hero_centaur,Centaur Warrunner,str,Melee,"['Durable', 'Initiator', 'Disabler', 'Nuker', 'Escape']",/apps/dota2/images/heroes/centaur_full.png?,/apps/dota2/images/heroes/centaur_icon.png,200,,75,0,0,25,36,38,27,15,15,4.6,1,1.6,150,900,1.7,300,0.5,True,4,96,150453,80068,13,24,10,7040,3642,15509,7974,21236,10848,19603,9898,11803,6019,5002,2431,1848,932,442,209,757472,0
97,npc_dota_hero_magnataur,Magnus,str,Melee,"['Initiator', 'Disabler', 'Nuker', 'Escape']",/apps/dota2/images/heroes/magnataur_full.png?,/apps/dota2/images/heroes/magnataur_icon.png,200,0.5,75,0,1,25,32,40,25,15,19,3.5,2.5,1.7,150,900,1.8,305,0.8,True,4,97,113998,50038,6,21,21,3378,1551,9524,4232,16803,7459,18161,8115,12359,5601,5481,2443,1963,868,392,177,1091072,0
98,npc_dota_hero_shredder,Timbersaw,str,Melee,"['Nuker', 'Durable', 'Escape']",/apps/dota2/images/heroes/shredder_full.png?,/apps/dota2/images/heroes/shredder_icon.png,200,,75,0.5,-1,25,26,30,24,16,23,3.2,1.6,2.7,150,900,1.7,290,0.6,True,2,98,167506,80746,84,157,563,7905,3783,17067,8210,25150,12010,25355,12265,17977,8604,9155,4496,4990,2530,2342,1151,884066,0
99,npc_dota_hero_bristleback,Bristleback,str,Melee,"['Carry', 'Durable', 'Initiator', 'Nuker']",/apps/dota2/images/heroes/bristleback_full.png?,/apps/dota2/images/heroes/bristleback_icon.png,200,,75,0,1,25,30,36,22,17,14,2.9,1.8,2.8,150,900,1.8,290,1,True,2,99,507113,270534,24,52,66,24507,12938,46438,23481,57071,28493,46709,22695,26209,12600,10309,4924,3565,1644,684,306,1771576,0
100,npc_dota_hero_tusk,Tusk,str,Melee,"['Initiator', 'Disabler', 'Nuker']",/apps/dota2/images/heroes/tusk_full.png?,/apps/dota2/images/heroes/tusk_icon.png,200,1,75,0,1,25,27,31,23,23,18,3.9,2.1,1.7,150,900,1.7,315,0.7,True,2,100,227251,107222,183,351,186,7334,3426,18325,8767,28970,13911,31291,15282,22788,11234,11638,5761,5845,2980,2817,1459,1038238,0
101,npc_dota_hero_skywrath_mage,Skywrath Mage,int,Ranged,"['Support', 'Nuker', 'Disabler']",/apps/dota2/images/heroes/skywrath_mage_full.png?,/apps/dota2/images/heroes/skywrath_mage_icon.png,200,,75,0,-2,25,14,24,21,13,25,2,0.8,4.1,625,1000,1.7,325,0.5,True,2,101,403219,204784,10,27,9,17663,9084,30604,15726,35709,18109,31020,15854,19169,9577,8650,4394,3580,1777,879,414,1417306,0
102,npc_dota_hero_abaddon,Abaddon,str,Melee,"['Support', 'Carry', 'Durable']",/apps/dota2/images/heroes/abaddon_full.png?,/apps/dota2/images/heroes/abaddon_icon.png,200,0.5,75,0,-1,25,28,38,23,23,18,3,1.5,2,150,900,1.7,325,0.5,True,2,102,158374,85945,81,151,101,7039,3833,14627,7815,19310,10389,18147,9635,11292,5866,5150,2715,2169,1098,680,372,644845,0
103,npc_dota_hero_elder_titan,Elder Titan,str,Melee,"['Initiator', 'Disabler', 'Nuker', 'Durable']",/apps/dota2/images/heroes/elder_titan_full.png?,/apps/dota2/images/heroes/elder_titan_icon.png,200,,75,0,0,25,23,33,26,14,23,3,1.8,1.6,150,900,1.7,310,0.5,True,2,103,74167,35818,59,104,65,2365,1197,4678,2331,6444,3167,6476,3204,4384,2221,2165,1082,1069,581,539,279,273553,0
104,npc_dota_hero_legion_commander,Legion Commander,str,Melee,"['Carry', 'Disabler', 'Initiator', 'Durable', 'Nuker']",/apps/dota2/images/heroes/legion_commander_full.png?,/apps/dota2/images/heroes/legion_commander_icon.png,200,,75,0,0,25,35,39,25,18,20,3.3,1.7,2.2,150,900,1.7,330,0.5,True,2,104,459794,216786,23,45,56,23696,11919,46676,23102,63105,30908,58577,28613,35228,17191,14762,7261,5797,2810,1363,647,2503942,0
105,npc_dota_hero_techies,Techies,int,Ranged,"['Nuker', 'Disabler']",/apps/dota2/images/heroes/techies_full.png?,/apps/dota2/images/heroes/techies_icon.png,200,,75,1,5,25,9,11,19,14,25,2.5,1.3,3.3,700,900,1.7,310,0.5,True,6,105,293584,130196,6,15,54,15957,8164,30859,15610,39852,19632,35277,17150,21825,10671,8890,4269,3269,1673,887,434,1304491,0
106,npc_dota_hero_ember_spirit,Ember Spirit,agi,Melee,"['Carry', 'Escape', 'Nuker', 'Disabler', 'Initiator']",/apps/dota2/images/heroes/ember_spirit_full.png?,/apps/dota2/images/heroes/ember_spirit_icon.png,200,0.5,75,0,-1,25,33,37,21,22,20,2.6,2.6,2.2,150,900,1.7,305,0.5,True,2,106,214349,95691,84,163,202,6576,3022,17047,7736,28933,13473,32729,15380,24027,11387,11825,5655,5458,2673,2043,1017,1240876,0
107,npc_dota_hero_earth_spirit,Earth Spirit,str,Melee,"['Nuker', 'Escape', 'Disabler', 'Initiator', 'Durable']",/apps/dota2/images/heroes/earth_spirit_full.png?,/apps/dota2/images/heroes/earth_spirit_icon.png,200,,75,0,0,25,25,35,22,17,20,4.4,2.4,2.1,150,900,1.7,290,0.6,True,2,107,141642,63951,168,321,221,4012,1858,10443,4945,18674,9006,22756,11076,17786,8623,10030,5058,4993,2487,2549,1275,804657,0
108,npc_dota_hero_abyssal_underlord,Underlord,str,Melee,"['Support', 'Nuker', 'Disabler', 'Durable', 'Escape']",/apps/dota2/images/heroes/abyssal_underlord_full.png?,/apps/dota2/images/heroes/abyssal_underlord_icon.png,200,,75,0,3,25,37,43,25,12,17,3,1.6,2.3,175,900,1.7,295,0.6,True,2,108,128824,69770,22,66,110,6615,3598,15850,8670,25535,13974,27192,14858,19272,10500,8917,4664,3725,1884,869,414,1107020,0
109,npc_dota_hero_terrorblade,Terrorblade,agi,Melee,"['Carry', 'Pusher', 'Nuker']",/apps/dota2/images/heroes/terrorblade_full.png?,/apps/dota2/images/heroes/terrorblade_icon.png,200,,75,0,7,25,26,32,15,22,19,1.7,4.8,1.6,150,900,1.5,315,0.5,True,2,109,122057,59077,45,89,126,4811,2170,8939,4048,11848,5377,11749,5426,8270,3751,4359,1984,2404,1155,1038,502,635028,0
110,npc_dota_hero_phoenix,Phoenix,str,Ranged,"['Support', 'Nuker', 'Initiator', 'Escape', 'Disabler']",/apps/dota2/images/heroes/phoenix_full.png?,/apps/dota2/images/heroes/phoenix_icon.png,200,1,75,0,-1,25,26,36,23,12,16,3.5,1.3,1.8,525,1100,1.7,280,1,True,2,110,145550,71485,111,212,206,4290,2057,11645,5790,19870,9836,23278,11466,17806,8830,9638,4813,4995,2528,1880,949,987216,0
111,npc_dota_hero_oracle,Oracle,int,Ranged,"['Support', 'Nuker', 'Disabler', 'Escape']",/apps/dota2/images/heroes/oracle_full.png?,/apps/dota2/images/heroes/oracle_icon.png,200,,75,0.5,0,25,13,19,20,15,26,2.4,1.7,4,620,900,1.7,295,0.7,True,2,111,112840,52275,98,201,268,3110,1405,8556,3958,15977,7541,20568,10125,17181,8554,9597,4782,5278,2692,2117,1101,758994,0
112,npc_dota_hero_winter_wyvern,Winter Wyvern,int,Ranged,"['Support', 'Disabler', 'Nuker']",/apps/dota2/images/heroes/winter_wyvern_full.png?,/apps/dota2/images/heroes/winter_wyvern_icon.png,200,,75,0,-1,25,14,21,24,16,26,2.6,1.9,3.6,425,700,1.7,285,0.5,True,2,112,133073,64566,26,56,23,5554,2672,11937,5928,17249,8514,17473,8769,12506,6179,6578,3345,3433,1771,1092,586,627101,0
113,npc_dota_hero_arc_warden,Arc Warden,agi,Ranged,"['Carry', 'Escape', 'Nuker']",/apps/dota2/images/heroes/arc_warden_full.png?,/apps/dota2/images/heroes/arc_warden_icon.png,200,0.25,75,0,-1,25,31,41,25,16,24,2.8,2.5,2.6,625,900,1.7,285,0.7,True,2,113,127536,65774,8,28,51,3880,1981,8927,4663,13498,7060,14801,7916,11056,5798,5466,2839,2174,1107,499,250,666612,0
114,npc_dota_hero_monkey_king,Monkey King,agi,Melee,"['Carry', 'Escape', 'Disabler', 'Initiator']",/apps/dota2/images/heroes/monkey_king_full.png?,/apps/dota2/images/heroes/monkey_king_icon.png,200,1.5,75,0,2,25,29,35,19,22,20,2.8,3.7,1.8,300,900,1.7,305,0.6,True,2,114,407577,201806,120,206,544,21632,10798,43235,21859,61816,31564,62117,31811,41874,21440,19757,10082,8615,4407,2715,1373,1958438,0
119,npc_dota_hero_dark_willow,Dark Willow,int,Ranged,"['Support', 'Nuker', 'Disabler', 'Escape']",/apps/dota2/images/heroes/dark_willow_full.png?,/apps/dota2/images/heroes/dark_willow_icon.png,200,,75,0,-1,25,27,35,20,18,21,2,1.6,3.5,475,1200,1.5,290,0.7,True,2,119,222371,107215,57,99,42,7963,3888,16451,8274,23431,11812,24478,12388,17210,8757,8483,4313,4266,2166,1633,851,862712,0
120,npc_dota_hero_pangolier,Pangolier,agi,Melee,"['Carry', 'Nuker', 'Disabler', 'Durable', 'Escape', 'Initiator']",/apps/dota2/images/heroes/pangolier_full.png?,/apps/dota2/images/heroes/pangolier_icon.png,200,0.25,75,0,1,25,33,39,17,18,16,2.5,3.2,1.9,150,900,1.7,305,1,True,2,120,167798,77207,126,255,287,4320,1947,10819,5016,19839,9378,26284,12794,22600,10940,13150,6480,7219,3551,3165,1605,850861,0
121,npc_dota_hero_grimstroke,Grimstroke,int,Ranged,"['Support', 'Nuker', 'Disabler', 'Escape']",/apps/dota2/images/heroes/grimstroke_full.png?,/apps/dota2/images/heroes/grimstroke_icon.png,200,,75,0,0,25,21,25,21,18,25,2.4,1.9,3.8,600,900,1.7,290,0.6,True,2,121,167385,79220,142,297,143,8326,3929,19898,9634,32823,15919,36311,17493,26323,12461,13150,6308,5969,2893,2206,1010,1149917,0
123,npc_dota_hero_hoodwink,Hoodwink,agi,Ranged,"['Nuker', 'Escape', 'Disabler']",/apps/dota2/images/heroes/hoodwink_full.png?,/apps/dota2/images/heroes/hoodwink_icon.png,200,0.25,75,0,0,25,22,29,17,28,21,1.8,3.6,2.9,575,1800,2,320,1,False,2,123,404803,194067,0,10685,5185,23823,11827,39091,19509,45994,23152,35189,17946,17544,8899,7575,3870,1885,944,1238087,0
126,npc_dota_hero_void_spirit,Void Spirit,int,Melee,"['Carry', 'Escape', 'Nuker', 'Disabler']",/apps/dota2/images/heroes/void_spirit_full.png?,/apps/dota2/images/heroes/void_spirit_icon.png,200,,75,0.6,-1,25,32,36,22,19,24,2.6,2.2,3.1,200,900,1.7,295,0.7,True,2,126,204741,97060,166,315,421,6380,3008,15002,7319,25023,12455,31026,15503,24812,12391,14528,7250,7601,3777,3471,1695,1183008,0
128,npc_dota_hero_snapfire,Snapfire,str,Ranged,"['Support', 'Nuker', 'Disabler', 'Escape']",/apps/dota2/images/heroes/snapfire_full.png?,/apps/dota2/images/heroes/snapfire_icon.png,200,,75,0,0,25,26,32,20,16,18,3.3,1.9,2.2,500,1800,1.6,300,0.5,True,2,128,194578,88787,9,27,10,5636,2616,12907,6005,20914,9901,22493,10510,15596,7220,7276,3224,2801,1262,705,308,1415907,0
129,npc_dota_hero_mars,Mars,str,Melee,"['Carry', 'Initiator', 'Disabler', 'Durable']",/apps/dota2/images/heroes/mars_full.png?,/apps/dota2/images/heroes/mars_icon.png,200,,75,0.5,-1,25,29,37,23,20,21,3.4,1.9,1.6,250,900,1.8,310,0.8,True,2,129,188944,91424,190,399,434,8259,3835,20604,9702,34818,16988,42091,20341,33016,15938,17597,8561,8279,4001,3245,1593,1678644,0
